Athlete Stats,MP,SP,Ace,S Err,S Att,S Rtg,S%,Rtg 3,Rtg 2,Rtg 1,SR Err,SR Att,SR Rtg,Kills,A Err,A Att,A %,Ast,S Att,Set %,B Solo,B Ast,B Tot,Digs,FB Rcv,FB Snt,Viol,BH Err
#15 Maddy Bach,1,3,,,11,2.18,1.000,,,2,,2,1.00,2,,4,0.500,18,53,0.340,,,,13,1,,,
#7 Avery Adamski,1,3,,,13,2.00,1.000,3,2,4,,9,1.89,,,1,0.000,1,10,0.100,,,,9,1,1,,
#3 Janelle Green,1,3,,1,12,2.13,0.917,,,,,1,,3,1,7,0.286,19,53,0.358,,,,15,,,,
#11 Brooke Naniseni,1,3,,,,,,1,2,,,3,2.33,6,6,28,0.000,,,,,,,5,,,,
#21 Meg Jarrett,1,3,,4,14,2.00,0.714,7,4,11,1,23,1.74,3,1,4,0.500,4,12,0.333,,,,12,1,1,,
#14 Ava Siefke,1,3,,,11,1.75,1.000,5,5,12,3,25,1.48,13,8,38,0.132,,3,0.000,,,,12,1,1,,
#24 Lucy Monahan,1,3,,,,,,,,,,,,3,,11,0.273,,,,,,,6,,2,,
#1 Grace Freiberger,1,3,,,12,1.91,1.000,8,4,5,2,19,1.95,,,,,2,12,0.167,,,,12,1,1,,
#18 Caylee Sharkey,1,3,,,3,1.33,1.000,,,,,,,7,2,29,0.172,1,2,0.500,,1,1,8,3,1,,
#16 Sophie Catalano,1,3,,,3,2.33,1.000,,,,,,,15,3,26,0.462,1,5,0.200,,,,7,2,4,,
#9 Audrey Dyas,1,3,,1,7,1.40,0.857,,,,,,,5,2,13,0.231,,2,0.000,,,,3,,2,,
#6 Jessica Costlow,1,3,,4,11,2.60,0.636,1,5,7,,13,1.54,8,1,25,0.280,1,3,0.333,,,,9,1,2,,
#23 Lilly Merk,1,3,,3,9,1.50,0.667,,,,,,,2,2,10,0.000,,,,,,,2,,,,
#5 Sydney Crowley,1,2,,,8,2.00,1.000,5,5,3,2,15,1.87,,,,,1,1,1.000,,,,6,1,1,,
#10 Kayla Ozanich,1,3,,,7,1.80,1.000,,,,,,,6,2,14,0.286,1,1,1.000,1,,1,,1,,,
#12 Gabbi LeBlanc,1,3,,2,14,2.00,0.857,,,,,,,2,,4,0.500,16,53,0.302,,,,5,1,1,,
#19 Jadyn Kennedy,1,1,,4,9,1.60,0.556,2,5,1,,8,2.13,,,,,,,,,,,6,1,1,,
University of Toledo,1,3,,19,144,1.94,0.868,32,32,45,8,118,1.75,75,28,214,0.220,65,210,0.310,1,1,2,130,15,18,,